60810	AIRLIFT NORTHWEST â€“ UW
60812	AIRLIFT NORTHWEST DISPATCH
60815	AIRLIFT NORTHWEST 
60818	AIRLIFT NW DAVENPORT DISPATCH
60800	DOC STATEWIDE TRANSPORT
60801	DOC STATEWIDE EOC
60802	DOC FACILITIES STATEWIDE
60850	WA STATE FERRIES OPS
60851	WA STATE FERRIES OPS 2
60006	DOT EAST REGION DISPATCH
60600	DOT EAST REGION TECH
60601	DOT EAST REGION ADMIN
60602	DOT EAST REGION INCIDENT RESPONSE 
60606	DOT EAST REGION FERRY
60607	DOT EAST REGION TRAFFIC
60608	DOT EAST REGION AUX
60609	DOT EAST REGION AUX 2
60610	DOT EAST REGION A1 SPOKANE
60620	DOT WAST REGION A2 COLFAX
60625	DOT EAST REGION A2 COLFAX PLOWS
60630	DOT EAST REGION A3 RITZVILLE
60640	DOT EAST REGION A4 COLVILLE
60660	DOT EAST REGION STRIPING
60670	DOT EAST REGION SIGNALS
60680	DOT EAST REGION ENGINEERING
60690	DOT EAST REGION BRIDGE
60697	DOT EAST REGION INTEROP
60698	DOT EAST REGION TECH TEST 1
60699	DOT EAST REGION TECH TEST 2
60002	DOT NORTH CENTRAL DISPATCH
60200	DOT NORTH CENTRAL TECH
60201	DOT NORTH CENTRAL REGIONAL OPS
60207	DOT NORTH CENTRAL STORM
60208	DOT NORTH CENTRAL AUX 1
60209	DOT NORTH CENTRAL AUX 2
60210	DOT NORTH CENTRAL AREA 1
60211	DOT NORTH CENTRAL AREA 1B
60212	DOT NORTH CENTRAL AREA 1C
60220	DOT NORTH CENTRAL AREA 2
60230	DOT NORTH CENTRAL AREA 3
60231	DOT NORTH CENTRAL AREA 3B
60232	DOT NORTH CENTRAL AREA 3C
60280	DOT NORTH CENTRAL ENGINEER
60297	DOT NORTH CENTRAL INTEROP
60298	DOT NORTH CENTRAL TECH TEST 1
60299	DOT NORTH CENTRAL TECH TEST 2
60001	DOT NW REGION DISPATCH
60101	DOT NW REGION OPS
60102	DOT NW REGION INCIDENT RESPONSE
60103	DOT NW REGION STRIPING
60108	DOT NW REGION AUX 1
60109	DOT NW REGION AUX 2
60110	DOT NW REGION A1 BELLINGHAM
60111	DOT NW REGION AREA 1B
60120	DOT NW REGION A2 MT VERNON
60130	DOT NW REGION A3 EVERETT
60131	DOT NW REGION A3 SKY
60140	DOT NW REGION A4 SOUTH SEATTLE
60150	DOT NW REGION A5 BELLEVUE
60151	DOT NW REGION TUNNEL
60160	DOT NW REGION TEF CLEAR
60170	DOT NW REGION SOUTH SIGNAL
60171	DOT NW REGION NORTH SIGNAL
60180	DOT NW REGION ENGINEER NORTH
60181	DOT NW REGION ENGINEER SOUTH
60190	DOT NW REGION FL BRIDGE
60191	DOT NW REGION BRIDGE CREW
60197	DOT NW REGION INTEROP
60198	DOT NW REGION TECH TEST 1
60199	DOT NW REGION TECH TEST 2
60003	DOT OLYMPIC REGION DISPATCH
60300	DOT OLYMPIC TECH
60301	DOT OLYMPIC TRAFFIC
60302	DOT OLYMPIC INCIDENT RESP
60306	DOT OLYMPIC ALARM
60307	DOT OLYMPIC PAGING
60308	DOT OLYMPIC AUX 1
60309	DOT OLYMPIC AUX 2
60310	DOT OLYMPIC A1
60311	DOT OLYMPIC TNB
60320	DOT OLYMPIC A2
60321	DOT OLYMPIC HCB
60330	DOT OLYMPIC A3
60340	DOT OLYMPIC A4
60341	DOT OLYMPIC ABC
60370	DOT OLYMPIC SIGNALS
60380	DOT OLYMPIC ENGINEER
60390	DOT OLYMPIC BRIDGE
60397	DOT OLYMPIC INTEROP
60398	DOT OLYMPIC TECH TEST 1
60399	DOT OLYMPIC TECH TEST 2
60005	DOT S CENTRAL DISPATCH
60500	DOT S CENTRAL TECH
60501	DOT S CENTRAL ADMIN
60505	DOT S CENTRAL REGIONAL
60508	DOT S CENTRAL AUX 1
60509	DOT S CENTRAL AUX 2
60510	DOT S CENTRAL A1
60511	DOT S CENTRAL A1A
60512	DOT S CENTRAL A1B
60520	DOT S CENTRAL A2
60521	DOT S CENTRAL A2A
60530	DOT S CENTRAL A3
60540	DOT S CENTRAL A4
60541	DOT S CENTRAL A4A
60550	DOT S CENTRAL ENGINEER
60570	DOT S CENTRAL SIGNALS
60574	DOT S CENTRAL STRIPING
60590	DOT S CENTRAL BRIDGE
60597	DOT S CENTRAL INTEROP
60598	DOT S CENTRAL TECH TEST 1
60599	DOT S CENTRAL TECH TEST 2
60004	DOT SW REGION DISPATCH
60400	DOT SW REGION TECH
60401	DOT SW REGION 
60402	DOT SW REGION INCIDENT RESPONSE
60404	DOT SW REGION STRIPING
60405	DOT SW REGION TRAFFIC
60407	DOT SW REGION PAGING
60408	DOT SW REGION AUX 1
60409	DOT SW REGION AUX 2
60410	DOT SW REGION A1
60420	DOT SW REGION A2 CHEHALIS
60430	DOT SW REGION A3 PAC WAHKAIKUM
60440	DOT SW REGION A4
60480	DOT SW REGION ENGINEER
60490	DOT SW REGION BRIDGE CREW
60497	DOT SW REGION INTEROP
60498	DOT SW REGION TECH TEST 1
60499	DOT SW REGION TECH TEST 2
60007	DOT STATEWIDE TRAVEL 1
60008	DOT STATEWIDE TRAVEL 2
60010	DOT STATEWIDE RADIO TECH
60011	DOT STATEWIDE COMMON
60012	DOT STATEWIDE AUX
60013	DOT STATEWIDE INTEROP
60016	DOT STATEWIDE BPO
60017	DOT STATEWIDE TDO
60020	DOT STATEWIDE HQ IT
60024	DOT STATEWIDE ESF 1
60025	DOT STATEWIDE EMER MANAGEMENT
60099	DOT STATEWIDE STEAN
1001	DOT AMBER ALERTS 
6080	DOT HIGHWAY OPS 
13103	DOT STATEWIDE ANNOUNCEMENTS
60100	DOT RADIO TECHS 
60970	OKANOGAN LAW 1
60971	OKANOGAN LAW 2
60972	OKANOGAN FIRE 1
60973	OKANOGAN FIRE 2
60978	OKANOGAN FIRE/EMS PAGING
60977	OKANOGAN EVENT 1
60981	OKANOGAN STATEWIDE
